{
  "sample_size": 500,
  "seed": 13,
  "input_docs": 15023,
  "sampled_docs": 500,
  "input_entities": 46142,
  "sampled_entities": 1535,
  "target_entities_per_doc": 3.0714238168142183,
  "entity_types": [
    "DNA",
    "RNA",
    "cell_line",
    "cell_type",
    "protein"
  ],
  "l1_distribution_distance": 0.0006514940354777846,
  "expected_count_distance": 0.0008426596159680987,
  "distribution": {
    "DNA": {
      "count": 256,
      "proportion": 0.16677524429967427,
      "target_count": 7689,
      "target_proportion": 0.16663777036105934,
      "proportion_delta": 0.00013747393861493484
    },
    "RNA": {
      "count": 23,
      "proportion": 0.01498371335504886,
      "target_count": 695,
      "target_proportion": 0.015062199297819774,
      "proportion_delta": -7.848594277091482e-05
    },
    "cell_line": {
      "count": 102,
      "proportion": 0.06644951140065146,
      "target_count": 3069,
      "target_proportion": 0.06651207143166746,
      "proportion_delta": -6.25600310159985e-05
    },
    "cell_type": {
      "count": 195,
      "proportion": 0.1270358306188925,
      "target_count": 5853,
      "target_proportion": 0.12684755753976854,
      "proportion_delta": 0.00018827307912397395
    },
    "protein": {
      "count": 959,
      "proportion": 0.6247557003257329,
      "target_count": 28836,
      "target_proportion": 0.6249404013696849,
      "proportion_delta": -0.00018470104395196252
    }
  },
  "dataset": "genia",
  "source_path": "data/genia_term_corpus/convert/train.json",
  "output_path": "data/genia_term_corpus/convert/train_sample_stratified_seed-13/500.json",
  "sampler_seed": 13,
  "effective_seed": 13
}